{
  "_leapMotionOffset": [
    0.003999999,
    0.0200000443,
    0.14199999
  ],
  "_leapMotionRotation": [
    30.0000038,
    0.0,
    0.0
  ]
}